Game Started:,7/15/2021 7:35:18 PM
00:00:00,Mathias,Heart, 7
00:00:00,Frederik,Spade, 5
00:00:01,Steffen,Diamond, 7
00:00:01,Andreas,Diamond, 6
00:00:02,Lasse,Penis, 4
00:00:02,Jakob,Star, 14
Chuck!,Jakob,00:00:626
00:00:08,Anton,Club, 4
00:00:09,Mathias,Spade, 8
Game Ended,00:00:10
name,nr of beers,nr of sips,avg Sips,time Total,avg Time
Mathias,1.071429,15,7.5,00:00:00.9803449,00:00:00.4900000
Frederik,0.3571429,5,5,00:00:00.5710573,00:00:00.5710000
Steffen,0.5,7,7,00:00:00.5744642,00:00:00.5740000
Andreas,0.4285714,6,6,00:00:00.5809536,00:00:00.5810000
Lasse,0.2857143,4,4,00:00:00.5812625,00:00:00.5810000
Jakob,1,14,14,00:00:00.6057118,00:00:00.6060000
Anton,0.2857143,4,4,00:00:03.0253109,00:00:03.0250000
File End
