Game Started:,7/15/2021 6:37:23 PM
00:00:00,a,Club, 13
00:00:02,b,Penis, 3
00:00:04,c,Circle, 11
Game Ended,00:00:08
name,nr of beers,nr of sips,avg Sips,time Total,avg Time
a,0.9285714,13,13,00:00:00,00:00:00
b,0.2142857,3,3,00:00:02.6231526,00:00:02.6230000
c,0.7857143,11,11,00:00:02.3285270,00:00:02.3290000
d,0,0,0,00:00:00,00:00:00
e,0,0,0,00:00:00,00:00:00
f,0,0,0,00:00:00,00:00:00
File End
